#,Company,Symbol,Weight,Price,Chg,% Chg
1,Apple Inc.,AAPL,7.63%,254.49,4.70,(1.88%)
2,Microsoft Corp,MSFT,6.52%,436.60,-0.43,(-0.10%)
3,Nvidia Corp,NVDA,6.46%,134.70,4.02,(3.08%)
4,Amazon.com Inc,AMZN,4.19%,224.92,1.63,(0.73%)
5,"Meta Platforms, Inc. Class A",META,2.61%,585.25,-10.32,(-1.73%)
6,"Tesla, Inc.",TSLA,2.43%,421.06,-15.11,(-3.46%)
7,Alphabet Inc. Class A,GOOGL,2.22%,191.41,2.90,(1.54%)
8,Broadcom Inc.,AVGO,2.04%,220.79,2.47,(1.13%)
9,Alphabet Inc. Class C,GOOG,1.83%,192.96,3.26,(1.72%)
10,Berkshire Hathaway Class B,BRK.B,1.65%,453.20,3.86,(0.86%)
11,Jpmorgan Chase & Co.,JPM,1.33%,237.60,4.64,(1.99%)
12,Eli Lilly & Co.,LLY,1.20%,767.76,10.22,(1.35%)
13,Visa Inc.,V,1.06%,317.71,2.83,(0.90%)
14,Exxon Mobil Corporation,XOM,0.94%,105.87,0.36,(0.34%)
15,Unitedhealth Group Incorporated,UNH,0.91%,500.13,10.88,(2.22%)
16,Mastercard Incorporated,MA,0.87%,528.03,4.75,(0.91%)
17,Costco Wholesale Corp,COST,0.85%,954.07,-0.73,(-0.08%)
18,Walmart Inc.,WMT,0.81%,92.24,-1.16,(-1.24%)
19,Procter & Gamble Company,PG,0.80%,168.06,-1.13,(-0.67%)
20,Netflix Inc,NFLX,0.78%,909.05,7.01,(0.78%)
21,"Home Depot, Inc.",HD,0.77%,392.60,7.58,(1.97%)
22,Johnson & Johnson,JNJ,0.69%,144.47,0.89,(0.62%)
23,"Salesforce, Inc.",CRM,0.65%,343.65,7.42,(2.21%)
24,Abbvie Inc.,ABBV,0.61%,175.58,4.06,(2.37%)
25,Bank of America Corporation,BAC,0.59%,44.17,0.79,(1.82%)
26,Oracle Corp,ORCL,0.54%,169.66,0.87,(0.52%)
27,"Merck & Co., Inc.",MRK,0.51%,98.05,-1.47,(-1.48%)
28,Coca-Cola Company,KO,0.49%,62.55,0.10,(0.16%)
29,Chevron Corporation,CVX,0.48%,142.85,1.70,(1.20%)
30,Wells Fargo & Co.,WFC,0.47%,70.34,1.49,(2.16%)
31,Accenture Plc,ACN,0.47%,366.37,-5.79,(-1.56%)
32,"Cisco Systems, Inc.",CSCO,0.47%,58.52,0.89,(1.54%)
33,"Servicenow, Inc.",NOW,0.44%,"1,091.25",16.38,(1.52%)
34,Mcdonald's Corporation,MCD,0.42%,292.68,2.45,(0.84%)
35,"Pepsico, Inc.",PEP,0.42%,152.79,1.32,(0.87%)
36,International Business Machines Corporation,IBM,0.41%,223.36,-0.56,(-0.25%)
37,The Walt Disney Company,DIS,0.41%,112.03,0.66,(0.59%)
38,Linde Plc,LIN,0.40%,424.31,4.72,(1.12%)
39,"Thermo Fisher Scientific, Inc.",TMO,0.40%,524.05,7.36,(1.42%)
40,Abbott Laboratories,ABT,0.39%,114.23,1.81,(1.61%)
41,Adobe Inc.,ADBE,0.39%,447.17,9.78,(2.24%)
42,Advanced Micro Devices,AMD,0.39%,119.21,0.33,(0.28%)
43,Philip Morris International Inc.,PM,0.38%,124.22,2.05,(1.68%)
44,Intuitive Surgical Inc.,ISRG,0.37%,524.43,0.52,(0.10%)
45,Ge Aerospace,GE,0.36%,168.37,3.57,(2.17%)
46,Intuit Inc,INTU,0.36%,643.39,6.44,(1.01%)
47,Goldman Sachs Group Inc.,GS,0.35%,566.10,12.11,(2.19%)
48,Caterpillar Inc.,CAT,0.35%,366.04,5.67,(1.57%)
49,Texas Instruments Incorporated,TXN,0.34%,186.87,2.40,(1.30%)
50,Verizon Communications,VZ,0.34%,39.93,-0.04,(-0.10%)
51,Qualcomm Inc,QCOM,0.34%,152.89,2.49,(1.66%)
52,Booking Holdings Inc.,BKNG,0.34%,"5,048.59",68.19,(1.37%)
53,American Express Company,AXP,0.33%,298.65,5.57,(1.90%)
54,At&t Inc.,T,0.33%,22.75,0.18,(0.80%)
55,S&p Global Inc.,SPGI,0.31%,491.81,5.25,(1.08%)
56,Rtx Corporation,RTX,0.31%,116.48,1.02,(0.88%)
57,Morgan Stanley,MS,0.30%,123.44,2.94,(2.44%)
58,Palantir Technologies Inc. Class A,PLTR,0.30%,80.55,6.34,(8.54%)
59,"Honeywell International, Inc.",HON,0.30%,228.32,1.44,(0.63%)
60,Pfizer Inc.,PFE,0.29%,26.36,0.59,(2.29%)
61,Danaher Corporation,DHR,0.29%,228.55,2.39,(1.06%)
62,Comcast Corp,CMCSA,0.29%,38.22,0.82,(2.19%)
63,"Nextra Energy, Inc.",NEE,0.29%,71.67,1.90,(2.72%)
64,"Blackrock, Inc.",BLK,0.28%,"1,028.69",12.36,(1.22%)
65,Progressive Corporation,PGR,0.28%,239.97,0.26,(0.11%)
66,Amgen Inc,AMGN,0.28%,263.38,2.19,(0.84%)
67,Lowe's Companies Inc.,LOW,0.28%,247.72,3.20,(1.31%)
68,"Tjx Companies, Inc.",TJX,0.28%,122.00,0.80,(0.66%)
69,Union Pacific Corp.,UNP,0.27%,226.32,3.17,(1.42%)
70,Applied Materials Inc,AMAT,0.27%,163.59,2.15,(1.33%)
71,"Eaton Corporation, Plcs",ETN,0.27%,338.12,2.48,(0.74%)
72,Boston Scientific Corp.,BSX,0.26%,88.95,0.29,(0.33%)
73,Citigroup Inc.,C,0.26%,69.19,0.77,(1.13%)
74,Boeing Company,BA,0.26%,177.35,0.31,(0.18%)
75,"Uber Technologies, Inc.",UBER,0.25%,60.73,0.52,(0.86%)
76,Conocophillips,COP,0.25%,95.12,-0.06,(-0.06%)
77,"Palo Alto Networks, Inc.",PANW,0.25%,186.78,-2.58,(-1.36%)
78,Stryker Corporation,SYK,0.25%,364.60,7.46,(2.09%)
79,Blackstone Inc.,BX,0.24%,170.84,1.93,(1.14%)
80,Automatic Data Processing,ADP,0.24%,294.02,2.69,(0.92%)
81,"Fiserv, Inc.",FI,0.23%,206.05,3.79,(1.87%)
82,Bristol-Myers Squibb Co.,BMY,0.23%,57.33,1.03,(1.83%)
83,Gilead Sciences Inc,GILD,0.23%,92.57,1.48,(1.62%)
84,Arista Networks,ANET,0.23%,112.81,3.74,(3.43%)
85,The Charles Schwab Corporation,SCHW,0.22%,74.31,0.69,(0.94%)
86,Deere & Company,DE,0.22%,432.49,5.86,(1.37%)
87,"T-Mobile Us, Inc.",TMUS,0.21%,220.31,2.31,(1.06%)
88,"Marsh & Mclennan Companies, Inc.",MMC,0.21%,211.74,1.39,(0.66%)
89,"Analog Devices, Inc.",ADI,0.21%,211.78,4.00,(1.93%)
90,Medtronic Plc,MDT,0.21%,81.03,1.04,(1.30%)
91,Chubb Limited,CB,0.21%,273.20,0.04,(0.01%)
92,Vertex Pharmaceuticals Inc,VRTX,0.21%,397.27,0.63,(0.16%)
93,Lockheed Martin Corp.,LMT,0.20%,489.02,9.36,(1.95%)
94,Starbucks Corp,SBUX,0.20%,87.97,-0.79,(-0.89%)
95,Kkr & Co. Inc.,KKR,0.19%,147.58,4.05,(2.82%)
96,"Micron Technology, Inc.",MU,0.19%,90.12,3.03,(3.48%)
97,"Prologis, Inc.",PLD,0.19%,103.32,1.92,(1.89%)
98,Lam Research Corp,LRCX,0.19%,71.79,0.58,(0.81%)
99,"Nike, Inc.",NKE,0.19%,76.94,-0.16,(-0.21%)
100,Ge Vernova Inc.,GEV,0.18%,342.66,9.86,(2.96%)
101,"Altria Group, Inc.",MO,0.18%,53.84,0.85,(1.60%)
102,"United Parcel Service, Inc. Class B",UPS,0.18%,125.68,3.03,(2.47%)
103,The Southern Company,SO,0.18%,82.86,1.08,(1.32%)
104,"Paypal Holdings, Inc.",PYPL,0.18%,87.13,0.35,(0.40%)
105,"Equinix, Inc. Reit",EQIX,0.18%,927.22,5.65,(0.61%)
106,Cme Group Inc.,CME,0.17%,238.53,1.71,(0.72%)
107,Intercontinental Exchange  Inc.,ICE,0.17%,150.31,2.02,(1.36%)
108,Trane Technologies Plc,TT,0.17%,377.11,0.21,(0.06%)
109,"Elevance Health, Inc.",ELV,0.17%,365.96,-0.52,(-0.14%)
110,"Chipotle Mexican Grill, Inc.",CMG,0.17%,61.87,0.13,(0.21%)
111,Amphenol Corporation,APH,0.17%,70.58,0.57,(0.81%)
112,American Tower Corporation,AMT,0.17%,183.73,4.33,(2.41%)
113,Kla Corporation,KLAC,0.17%,629.37,7.19,(1.16%)
114,Duke Energy Corporation,DUK,0.17%,108.28,1.20,(1.12%)
115,Parker-Hannifin Corporation,PH,0.16%,647.20,7.93,(1.24%)
116,Cadence Design Systems,CDNS,0.16%,301.47,1.60,(0.53%)
117,Intel Corp,INTC,0.16%,19.52,0.46,(2.41%)
118,"Crowdstrike Holdings, Inc. Class A",CRWD,0.16%,362.29,11.26,(3.21%)
119,The Sherwin-Williams Company,SHW,0.16%,345.47,3.09,(0.90%)
120,"Mondelez International, Inc. Class A",MDLZ,0.16%,59.39,0.12,(0.20%)
121,"Motorola Solutions, Inc.",MSI,0.16%,469.94,6.13,(1.32%)
122,Aon Plc Class A,AON,0.15%,358.47,4.72,(1.33%)
123,The Cigna Group,CI,0.15%,276.92,2.12,(0.77%)
124,Colgate-Palmolive Company,CL,0.15%,92.03,-0.89,(-0.96%)
125,Synopsys Inc,SNPS,0.15%,492.18,-1.17,(-0.24%)
126,Pnc Financial Services Group,PNC,0.15%,192.76,2.73,(1.44%)
127,Regeneron Pharmaceuticals Inc,REGN,0.15%,701.85,-6.40,(-0.90%)
128,Mckesson Corporation,MCK,0.15%,579.74,0.52,(0.09%)
129,"Waste Management, Inc.",WM,0.15%,205.83,0.30,(0.15%)
130,Zoetis Inc.,ZTS,0.15%,164.84,1.32,(0.81%)
131,U.S. Bancorp,USB,0.15%,47.92,0.51,(1.08%)
132,Moody's Corporation,MCO,0.15%,466.35,4.26,(0.92%)
133,Welltower Inc.,WELL,0.14%,124.64,0.86,(0.69%)
134,Transdigm Group Incorporated,TDG,0.14%,"1,276.15",16.03,(1.27%)
135,"O'reilly Automotive, Inc.",ORLY,0.14%,"1,219.11",4.72,(0.39%)
136,Constellation Energy Corporation,CEG,0.14%,227.02,1.85,(0.82%)
137,Emerson Electric Co.,EMR,0.14%,124.09,1.74,(1.42%)
138,3m Company,MMM,0.14%,129.28,2.15,(1.69%)
139,Illinois Tool Works Inc.,ITW,0.14%,258.82,0.71,(0.28%)
140,"Eog Resources, Inc.",EOG,0.13%,119.04,0.82,(0.69%)
141,General Dynamics Corporation,GD,0.13%,263.64,3.36,(1.29%)
142,Capital One Financial,COF,0.13%,178.65,2.99,(1.70%)
143,Marriot International Class A,MAR,0.13%,283.96,4.94,(1.77%)
144,"Air Products & Chemicals, Inc.",APD,0.13%,294.99,1.82,(0.62%)
145,"Becton, Dickinson and Co.",BDX,0.13%,227.68,3.85,(1.72%)
146,Northrop Grumman Corp.,NOC,0.13%,469.54,2.41,(0.52%)
147,Williams Companies Inc.,WMB,0.13%,53.49,0.92,(1.75%)
148,Autodesk Inc,ADSK,0.13%,298.12,4.49,(1.53%)
149,Cintas Corp,CTAS,0.13%,186.94,4.15,(2.27%)
150,Fedex Corporation,FDX,0.12%,275.73,-0.15,(-0.05%)
151,Csx Corporation,CSX,0.12%,31.85,0.27,(0.85%)
152,Arthur J. Gallagher & Co.,AJG,0.12%,283.10,4.01,(1.44%)
153,Hilton Worldwide Holdings Inc.,HLT,0.12%,249.42,3.67,(1.49%)
154,Target Corporation,TGT,0.12%,131.48,1.05,(0.81%)
155,"Fortinet, Inc.",FTNT,0.12%,97.19,2.34,(2.47%)
156,"Ecolab, Inc.",ECL,0.12%,238.29,2.76,(1.17%)
157,"Oneok, Inc.",OKE,0.11%,100.08,2.42,(2.48%)
158,Truist Financial Corporation,TFC,0.11%,43.32,0.77,(1.81%)
159,"Airbnb, Inc. Class A",ABNB,0.11%,134.21,4.86,(3.76%)
160,General Motors Company,GM,0.11%,51.81,1.47,(2.92%)
161,Bank of New York Mellon Corporation,BK,0.11%,77.62,1.21,(1.58%)
162,"Roper Technologies, Inc.",ROP,0.11%,525.40,3.65,(0.70%)
163,Carrier Global Corporation,CARR,0.11%,68.49,1.80,(2.70%)
164,"Hca Healthcare, Inc.",HCA,0.11%,303.62,6.10,(2.05%)
165,Cvs Health Corporation,CVS,0.11%,44.36,0.58,(1.32%)
166,"Autozone, Inc.",AZO,0.11%,"3,253.47",38.18,(1.19%)
167,Freeport-Mcmoran Inc.,FCX,0.11%,38.86,0.62,(1.62%)
168,Paccar Inc,PCAR,0.11%,105.32,-2.19,(-2.04%)
169,Royal Caribbean Group,RCL,0.11%,238.43,7.67,(3.32%)
170,"Digital Realty Trust, Inc.",DLR,0.11%,178.57,1.76,(1.00%)
171,Sempra,SRE,0.11%,86.81,0.91,(1.06%)
172,"The Travelers Companies, Inc.",TRV,0.11%,240.76,3.05,(1.28%)
173,Nxp Semiconductors N.v.,NXPI,0.11%,210.24,2.97,(1.43%)
174,Johnson Controls International Plc,JCI,0.11%,80.64,1.93,(2.45%)
175,Schlumberger Limited,SLB,0.11%,36.83,-0.08,(-0.22%)
176,Norfolk Southern Corp.,NSC,0.10%,234.15,3.55,(1.54%)
177,"Simon Property Group, Inc.",SPG,0.10%,171.61,2.35,(1.39%)
178,"Ameriprise Financial, Inc.",AMP,0.10%,532.12,6.36,(1.21%)
179,Copart Inc,CPRT,0.10%,58.22,-0.23,(-0.39%)
180,Aflac Inc.,AFL,0.10%,102.69,1.44,(1.42%)
181,"Kinder Morgan, Inc.",KMI,0.10%,26.85,0.61,(2.32%)
182,Fair Isaac Corporation,FICO,0.10%,"2,090.98",46.09,(2.25%)
183,The Allstate Corporation,ALL,0.10%,193.56,3.77,(1.99%)
184,Ross Stores Inc,ROST,0.10%,149.15,1.36,(0.92%)
185,"American Electric Power Company, Inc.",AEP,0.10%,92.75,1.51,(1.65%)
186,"W.W. Grainger, Inc.",GWW,0.10%,"1,092.96",11.41,(1.05%)
187,Cummins Inc.,CMI,0.10%,351.38,1.68,(0.48%)
188,"Quanta Services, Inc.",PWR,0.10%,328.41,5.82,(1.80%)
189,"United Rentals, Inc.",URI,0.10%,722.64,11.70,(1.65%)
190,"Msci, Inc.",MSCI,0.09%,604.80,4.22,(0.70%)
191,"Metlife, Inc.",MET,0.09%,81.36,1.25,(1.56%)
192,Vistra Corp.,VST,0.09%,139.95,2.75,(2.00%)
193,Phillips 66,PSX,0.09%,110.37,0.02,(0.02%)
194,"American International Group, Inc.",AIG,0.09%,72.69,1.60,(2.25%)
195,Public Storage,PSA,0.09%,297.50,8.17,(2.82%)
196,Realty Income Corporation,O,0.09%,52.79,1.03,(1.99%)
197,Howmet Aerospace Inc.,HWM,0.09%,110.83,1.48,(1.35%)
198,Edwards Lifesciences Corp,EW,0.09%,74.81,0.88,(1.19%)
199,"Dominion Energy, Inc.",D,0.09%,53.66,0.67,(1.26%)
200,Kimberly-Clark Corp.,KMB,0.09%,131.32,-0.13,(-0.10%)
201,"Axon Enterprise, Inc.",AXON,0.09%,631.69,16.01,(2.60%)
202,Paychex Inc,PAYX,0.09%,139.54,1.73,(1.26%)
203,Marathon Petroleum Corporation,MPC,0.09%,133.38,1.73,(1.31%)
204,Te Connectivity Plc,TEL,0.09%,143.67,-0.22,(-0.15%)
205,"Fidelity National Information Services, Inc.",FIS,0.09%,81.46,1.32,(1.65%)
206,Lululemon Athletica Inc.,LULU,0.09%,379.42,5.88,(1.57%)
207,Discover Financial Services,DFS,0.09%,173.16,3.89,(2.30%)
208,Newmont Corporation,NEM,0.09%,38.28,1.26,(3.40%)
209,Pg&e Corporation,PCG,0.09%,19.82,0.40,(2.06%)
210,Fastenal Co,FAST,0.09%,74.82,0.79,(1.07%)
211,"Ametek, Inc.",AME,0.08%,183.36,1.25,(0.69%)
212,Republic Services Inc.,RSG,0.08%,203.73,-0.22,(-0.11%)
213,Public Service Enterprise Group Incorporated,PEG,0.08%,85.06,1.87,(2.25%)
214,Kenvue Inc.,KVUE,0.08%,21.77,0.16,(0.74%)
215,"Prudential Financial, Inc.",PRU,0.08%,117.83,2.36,(2.04%)
216,The Kroger Co.,KR,0.08%,61.85,0.89,(1.46%)
217,D.R. Horton Inc.,DHI,0.08%,139.61,2.37,(1.73%)
218,"L3harris Technologies, Inc.",LHX,0.08%,213.55,2.91,(1.38%)
219,Baker Hughes Company,BKR,0.08%,40.32,0.52,(1.31%)
220,"Cencora, Inc.",COR,0.08%,227.69,1.42,(0.63%)
221,Crown Castle Inc.,CCI,0.08%,90.66,-0.07,(-0.08%)
222,Cognizant Technology Solutions,CTSH,0.08%,79.23,-0.26,(-0.33%)
223,"Verisk Analytics, Inc.",VRSK,0.08%,276.86,1.28,(0.46%)
224,"Corteva, Inc.",CTVA,0.08%,57.48,1.32,(2.35%)
225,Agilent Technologies Inc.,A,0.08%,134.51,1.32,(0.99%)
226,"Delta Air Lines, Inc.",DAL,0.08%,60.93,0.55,(0.91%)
227,Valero Energy Corporation,VLO,0.08%,118.59,-0.34,(-0.29%)
228,Ford Motor Company,F,0.08%,9.88,0.14,(1.44%)
229,"Cbre Group, Inc.",CBRE,0.08%,129.16,3.51,(2.79%)
230,Targa Resources Corp.,TRGP,0.08%,176.79,4.26,(2.47%)
231,Sysco Corporation,SYY,0.08%,76.97,0.42,(0.55%)
232,Otis Worldwide Corporation,OTIS,0.07%,93.56,0.69,(0.74%)
233,Exelon Corporation,EXC,0.07%,37.02,-0.17,(-0.46%)
234,"Xcel Energy, Inc.",XEL,0.07%,67.40,0.75,(1.13%)
235,"Gartner, Inc.",IT,0.07%,491.25,10.03,(2.08%)
236,Ingersoll Rand Inc.,IR,0.07%,92.28,1.02,(1.12%)
237,"Yum! Brands, Inc.",YUM,0.07%,132.36,2.00,(1.53%)
238,Keurig Dr Pepper Inc.,KDP,0.07%,32.37,-0.03,(-0.09%)
239,Corning Incorporated,GLW,0.07%,47.31,0.25,(0.53%)
240,Monster Beverage Corporation,MNST,0.07%,51.72,0.82,(1.61%)
241,"General Mills, Inc.",GIS,0.07%,63.61,-0.40,(-0.62%)
242,"Constellation Brands, Inc.",STZ,0.07%,227.63,0.58,(0.26%)
243,Electronic Arts Inc,EA,0.07%,147.80,-0.09,(-0.06%)
244,Old Dominion Freight Line,ODFL,0.07%,181.37,-6.37,(-3.39%)
245,Ge Healthcare Technologies Inc.,GEHC,0.07%,78.91,1.48,(1.91%)
246,Hess Corporation,HES,0.07%,128.19,0.53,(0.42%)
247,Vulcan Materials Company,VMC,0.07%,263.13,2.21,(0.85%)
248,Charter Comm Inc Del Cl a,CHTR,0.07%,351.50,-1.27,(-0.36%)
249,Resmed Inc.,RMD,0.07%,237.27,5.69,(2.46%)
250,Idexx Laboratories Inc,IDXX,0.07%,412.26,3.23,(0.79%)
251,Lennar Corporation Class A,LEN,0.07%,138.08,-0.32,(-0.23%)
252,Arch Capital Group Ltd,ACGL,0.07%,90.99,2.00,(2.25%)
253,Wabtec Inc.,WAB,0.07%,193.03,3.47,(1.83%)
254,Iqvia Holdings Inc.,IQV,0.07%,197.27,5.75,(3.00%)
255,"Rockwell Automation, Inc.",ROK,0.07%,289.79,3.79,(1.33%)
256,Dell Technologies Inc.,DELL,0.06%,115.77,3.81,(3.40%)
257,Martin Marietta Materials,MLM,0.06%,533.69,7.92,(1.51%)
258,"Dupont De Nemours, Inc.",DD,0.06%,77.28,0.43,(0.56%)
259,"Nasdaq, Inc.",NDAQ,0.06%,77.70,0.32,(0.41%)
260,Entergy Corporation,ETR,0.06%,75.13,0.64,(0.86%)
261,Hp Inc.,HPQ,0.06%,32.94,0.48,(1.48%)
262,Garmin Ltd,GRMN,0.06%,208.99,3.57,(1.74%)
263,Willis Towers Watson Public Limited Companys,WTW,0.06%,317.57,6.57,(2.11%)
264,"United Airlines Holdings, Inc.",UAL,0.06%,97.40,1.84,(1.93%)
265,Centene Corporation,CNC,0.06%,59.58,-0.13,(-0.22%)
266,"Equifax, Incorporated",EFX,0.06%,258.43,4.77,(1.88%)
267,"The Hartford Financial Services Group, Inc.",HIG,0.06%,109.47,2.41,(2.25%)
268,Deckers Outdoor Corp,DECK,0.06%,210.97,5.69,(2.77%)
269,Ebay Inc,EBAY,0.06%,65.01,1.06,(1.66%)
270,M&t Bank Corp.,MTB,0.06%,189.48,4.06,(2.19%)
271,"Avalonbay Communities, Inc.",AVB,0.06%,222.17,5.01,(2.31%)
272,"Consolidated Edison, Inc.",ED,0.06%,90.03,0.96,(1.08%)
273,Occidental Petroleum Corporation,OXY,0.06%,47.13,1.77,(3.90%)
274,"Dexcom, Inc.",DXCM,0.06%,80.04,4.22,(5.57%)
275,"Extra Space Storage, Inc.",EXR,0.06%,147.00,4.65,(3.27%)
276,Edison International,EIX,0.06%,79.52,1.59,(2.04%)
277,Microchip Technology Inc,MCHP,0.06%,55.51,-0.48,(-0.86%)
278,Iron Mountain Inc.,IRM,0.06%,105.10,3.48,(3.42%)
279,Vici Properties Inc.,VICI,0.06%,28.79,0.52,(1.84%)
280,Take-Two Interactive Software Inc,TTWO,0.06%,181.97,0.59,(0.33%)
281,"Wec Energy Group, Inc.",WEC,0.06%,94.50,1.24,(1.33%)
282,Ansys Inc,ANSS,0.06%,338.38,3.90,(1.17%)
283,"Monolithic Power Systems, Inc.",MPWR,0.06%,593.22,4.07,(0.69%)
284,"Diamondback Energy, Inc.",FANG,0.06%,154.94,1.88,(1.23%)
285,Costar Group Inc,CSGP,0.06%,71.44,1.60,(2.29%)
286,Godaddy Inc,GDDY,0.06%,205.41,2.47,(1.22%)
287,Fifth Third Bancorp,FITB,0.06%,42.93,0.67,(1.59%)
288,"Cardinal Health, Inc.",CAH,0.06%,118.28,1.28,(1.09%)
289,State Street Corporation,STT,0.06%,98.20,2.78,(2.91%)
290,Tractor Supply Co,TSCO,0.06%,53.92,-210.11,(-79.58%)
291,Humana Inc.,HUM,0.06%,247.10,11.32,(4.80%)
292,Xylem Inc,XYL,0.06%,117.14,0.71,(0.61%)
293,"Global Payments, Inc.",GPN,0.06%,112.03,1.45,(1.31%)
294,"Raymond James Financial, Inc.",RJF,0.06%,155.05,4.19,(2.78%)
295,"Keysight Technologies, Inc.",KEYS,0.06%,163.22,3.37,(2.11%)
296,"Ppg Industries, Inc.",PPG,0.06%,120.21,0.69,(0.58%)
297,On Semiconductor Corp,ON,0.06%,65.50,0.70,(1.08%)
298,Nucor Corporation,NUE,0.06%,116.58,0.80,(0.69%)
299,Dow Inc.,DOW,0.06%,39.94,0.84,(2.15%)
300,Hewlett Packard Enterprise Company,HPE,0.05%,21.61,0.72,(3.45%)
301,The Kraft Heinz Company,KHC,0.05%,30.52,0.42,(1.40%)
302,Broadridge Financial Solutions Inc,BR,0.05%,226.01,1.83,(0.82%)
303,Dover Corporation,DOV,0.05%,189.27,0.33,(0.17%)
304,"Church & Dwight Co., Inc.",CHD,0.05%,106.10,0.25,(0.24%)
305,Fortive Corporation,FTV,0.05%,74.45,1.21,(1.65%)
306,Mettler-Toledo International,MTD,0.05%,"1,230.74",24.72,(2.05%)
307,Carnival Corporation,CCL,0.05%,26.80,1.62,(6.43%)
308,Synchrony Financial,SYF,0.05%,65.45,1.18,(1.84%)
309,Eqt Corp,EQT,0.05%,42.99,0.34,(0.80%)
310,"Tyler Technologies, Inc.",TYL,0.05%,605.42,11.82,(1.99%)
311,Smurfit Westrock Plc,SW,0.05%,53.28,2.10,(4.10%)
312,T Rowe Price Group Inc,TROW,0.05%,116.12,3.15,(2.79%)
313,Veralto Corporation,VLTO,0.05%,104.25,2.92,(2.88%)
314,The Hershey Company,HSY,0.05%,170.26,1.32,(0.78%)
315,"Nvr, Inc.",NVR,0.05%,"8,276.78",175.57,(2.17%)
316,Dte Energy Company,DTE,0.05%,120.18,2.07,(1.75%)
317,"Brown & Brown, Inc.",BRO,0.05%,102.93,0.63,(0.62%)
318,"American Water Works Company, Inc",AWK,0.05%,125.92,2.09,(1.69%)
319,"Netapp, Inc",NTAP,0.05%,118.45,1.87,(1.60%)
320,"Ventas, Inc.",VTR,0.05%,58.76,1.03,(1.78%)
321,"West Pharmaceutical Services, Inc.",WST,0.05%,331.40,4.39,(1.34%)
322,Equity Residential,EQR,0.05%,71.35,1.86,(2.68%)
323,Ameren Corporation,AEE,0.05%,89.29,0.72,(0.81%)
324,Ppl Corporation,PPL,0.05%,32.43,0.41,(1.28%)
325,Archer Daniels Midland Company,ADM,0.05%,50.49,1.11,(2.25%)
326,"Corpay, Inc.",CPAY,0.05%,343.83,4.74,(1.40%)
327,"Warner Bros. Discovery, Inc. Series a",WBD,0.05%,10.69,0.20,(1.91%)
328,Cdw Corporation,CDW,0.05%,174.53,1.25,(0.72%)
329,Huntington Bancshares Inc,HBAN,0.05%,16.32,0.41,(2.58%)
330,Hubbell Incorporated,HUBB,0.05%,426.80,2.25,(0.53%)
331,Halliburton Company,HAL,0.05%,25.97,0.20,(0.78%)
332,"Pultegroup, Inc.",PHM,0.05%,110.52,1.63,(1.50%)
333,"Ptc, Inc",PTC,0.05%,187.58,0.45,(0.24%)
334,"Expedia Group, Inc.",EXPE,0.04%,184.75,5.34,(2.98%)
335,Cincinnati Financial Corp,CINF,0.04%,144.57,2.34,(1.65%)
336,International Flavors & Fragrances Inc.,IFF,0.04%,85.74,-0.20,(-0.23%)
337,Teledyne Technologies Incorporated,TDY,0.04%,467.25,2.30,(0.49%)
338,"Darden Restaurants, Inc.",DRI,0.04%,187.59,4.15,(2.26%)
339,Kellanova,K,0.04%,80.50,0.16,(0.20%)
340,"Zimmer Biomet Holdings, Inc.",ZBH,0.04%,107.12,1.31,(1.24%)
341,Biogen Inc.,BIIB,0.04%,146.47,-0.92,(-0.62%)
342,Atmos Energy Corporation,ATO,0.04%,139.69,1.72,(1.25%)
343,Waters Corp,WAT,0.04%,368.16,7.53,(2.09%)
344,Sba Communications Corp,SBAC,0.04%,203.57,5.33,(2.69%)
345,Regions Financial Corp.,RF,0.04%,23.77,0.60,(2.59%)
346,Live Nation Entertainment Inc.,LYV,0.04%,133.28,1.09,(0.82%)
347,"Centerpoint Energy, Inc.",CNP,0.04%,32.54,0.78,(2.46%)
348,Texas Pacific Land Corporation,TPL,0.04%,"1,133.12",36.79,(3.36%)
349,"Teradyne, Inc.",TER,0.04%,125.95,0.76,(0.61%)
350,Clorox Company,CLX,0.04%,164.44,0.31,(0.19%)
351,"Ulta Beauty, Inc.",ULTA,0.04%,430.01,4.49,(1.06%)
352,"Cboe Global Markets, Inc.",CBOE,0.04%,191.61,-2.19,(-1.13%)
353,Northern Trust Corp,NTRS,0.04%,102.48,1.97,(1.96%)
354,Packaging Corp of America,PKG,0.04%,227.98,0.52,(0.23%)
355,Steris Plc,STE,0.04%,207.49,3.15,(1.54%)
356,Firstenergy Corp.,FE,0.04%,39.79,0.63,(1.61%)
357,Eversource Energy,ES,0.04%,56.95,1.05,(1.88%)
358,Zebra Technologies Corporation,ZBRA,0.04%,393.04,7.67,(1.99%)
359,Weyerhaeuser Company,WY,0.04%,27.50,0.29,(1.07%)
360,"Mccormick & Company, Incorporated Non-Vtg Cs",MKC,0.04%,78.86,0.62,(0.79%)
361,Cms Energy Corporation,CMS,0.04%,66.61,0.85,(1.29%)
362,Southwest Airlines Co.,LUV,0.04%,33.28,0.50,(1.53%)
363,Western Digital Corp.,WDC,0.04%,60.24,0.62,(1.04%)
364,"Leidos Holdings, Inc.",LDOS,0.04%,144.81,1.61,(1.12%)
365,Devon Energy Corporation,DVN,0.04%,30.77,0.25,(0.82%)
366,Labcorp Holdings Inc.,LH,0.04%,228.61,1.64,(0.72%)
367,"Citizens Financial Group, Inc.",CFG,0.04%,43.45,1.00,(2.36%)
368,Lyondellbasell Industries N.v. Class A,LYB,0.04%,73.50,0.53,(0.73%)
369,"First Solar, Inc.",FSLR,0.04%,182.39,6.51,(3.70%)
370,International Paper Co.,IP,0.04%,54.45,0.61,(1.13%)
371,Factset Research Systems,FDS,0.04%,483.52,-6.21,(-1.27%)
372,"Nrg Energy, Inc.",NRG,0.04%,90.45,1.20,(1.34%)
373,Seagate Technology Holdings Plcs,STX,0.04%,87.31,-0.23,(-0.26%)
374,"The Cooper Companies, Inc.",COO,0.04%,93.44,1.51,(1.64%)
375,Las Vegas Sands Corp.,LVS,0.04%,52.25,0.97,(1.89%)
376,Invitation Homes Inc.,INVH,0.04%,32.14,0.42,(1.32%)
377,Insulet Corporation,PODD,0.04%,266.57,10.01,(3.90%)
378,"Essex Property Trust, Inc",ESS,0.04%,283.76,4.75,(1.70%)
379,Snap-on Incorporated,SNA,0.04%,343.65,5.98,(1.77%)
380,Coterra Energy Inc.,CTRA,0.04%,23.68,0.01,(0.04%)
381,"Mid-America Apartment Communities, Inc.",MAA,0.04%,153.40,3.97,(2.66%)
382,W.R. Berkley Corporation,WRB,0.04%,58.57,0.54,(0.93%)
383,The Estee Lauder Companies Inc. Class A,EL,0.04%,74.36,-0.34,(-0.46%)
384,Trimble Inc.,TRMB,0.03%,71.64,0.90,(1.27%)
385,"Molina Healthcare, Inc.",MOH,0.03%,294.73,1.21,(0.41%)
386,Omnicom Group Inc.,OMC,0.03%,88.86,0.97,(1.10%)
387,"Builders Firstsource, Inc.",BLDR,0.03%,150.50,4.21,(2.88%)
388,Quest Diagnostics Inc.,DGX,0.03%,153.10,1.58,(1.04%)
389,Ball Corporation,BALL,0.03%,55.80,0.44,(0.79%)
390,Jacobs Solutions Inc.,J,0.03%,135.75,1.69,(1.26%)
391,"Best Buy Company, Inc.",BBY,0.03%,85.55,0.35,(0.41%)
392,Pentair Plc,PNR,0.03%,101.95,0.97,(0.96%)
393,"Tyson Foods, Inc.",TSN,0.03%,58.02,-0.18,(-0.31%)
394,Steel Dynamics Inc,STLD,0.03%,115.69,0.40,(0.35%)
395,Hologic Inc,HOLX,0.03%,71.65,0.89,(1.26%)
396,Dollar General Corp.,DG,0.03%,76.40,2.51,(3.40%)
397,Verisign Inc,VRSN,0.03%,198.84,5.40,(2.79%)
398,Nisource Inc.,NI,0.03%,36.17,0.30,(0.84%)
399,"Principal Financial Group, Inc.",PFG,0.03%,77.30,2.12,(2.82%)
400,Genuine Parts Company,GPC,0.03%,115.73,1.11,(0.97%)
401,Jabil Inc.,JBL,0.03%,145.00,4.56,(3.25%)
402,Idex Corporation,IEX,0.03%,212.38,2.12,(1.01%)
403,"Expeditors International of Washington, Inc.",EXPD,0.03%,111.48,-1.26,(-1.12%)
404,Masco Corporation,MAS,0.03%,74.39,1.70,(2.34%)
405,"Super Micro Computer, Inc.",SMCI,0.03%,31.59,0.35,(1.12%)
406,Keycorp,KEY,0.03%,17.09,0.28,(1.67%)
407,Kimco Realty Corp.,KIM,0.03%,23.42,0.41,(1.78%)
408,Aptiv Plc,APTV,0.03%,58.86,1.85,(3.25%)
409,"Alexandria Real Estate Equities, Inc.",ARE,0.03%,99.17,1.88,(1.93%)
410,"Everest Group, Ltd.",EG,0.03%,356.64,7.28,(2.08%)
411,"Cf Industries Holding, Inc.",CF,0.03%,84.98,1.16,(1.38%)
412,Avery Dennison Corp.,AVY,0.03%,188.13,1.87,(1.00%)
413,Align Technology Inc,ALGN,0.03%,211.06,-2.52,(-1.18%)
414,Domino's Pizza Inc.,DPZ,0.03%,426.18,-1.46,(-0.34%)
415,Alliant Energy Corporation,LNT,0.03%,58.95,0.69,(1.18%)
416,Loews Corporation,L,0.03%,83.19,1.53,(1.87%)
417,Gen Digital Inc.,GEN,0.03%,27.83,0.38,(1.38%)
418,Baxter International Inc.,BAX,0.03%,29.50,0.60,(2.08%)
419,"F5, Inc.",FFIV,0.03%,252.25,1.84,(0.73%)
420,Viatris Inc.,VTRS,0.03%,12.52,0.39,(3.22%)
421,"Tapestry, Inc.",TPR,0.03%,64.15,1.49,(2.38%)
422,Akamai Technologies Inc,AKAM,0.03%,95.89,1.31,(1.39%)
423,"Textron, Inc.",TXT,0.03%,76.85,1.03,(1.36%)
424,Skyworks Solutions Inc,SWKS,0.03%,88.75,0.49,(0.56%)
425,"Epam Systems, Inc.",EPAM,0.03%,248.26,1.46,(0.59%)
426,Dollar Tree Inc.,DLTR,0.03%,72.94,3.88,(5.62%)
427,"Evergy, Inc.",EVRG,0.03%,61.43,0.90,(1.49%)
428,"Healthpeak Properties, Inc.",DOC,0.03%,20.12,0.36,(1.82%)
429,"Revvity, Inc.",RVTY,0.03%,112.56,2.02,(1.83%)
430,Amcor Plcs,AMCR,0.03%,9.40,0.00,(0.00%)
431,Jb Hunt Transport Services Inc,JBHT,0.03%,170.23,2.13,(1.27%)
432,"Moderna, Inc.",MRNA,0.03%,39.39,-0.17,(-0.43%)
433,"Rollins, Inc.",ROL,0.03%,46.92,-0.09,(-0.19%)
434,Carmax Inc.,KMX,0.03%,84.27,0.04,(0.05%)
435,Pool Corporation,POOL,0.03%,349.04,8.10,(2.38%)
436,"Conagra Brands, Inc.",CAG,0.03%,27.11,0.30,(1.12%)
437,Henry (Jack) & Associates,JKHY,0.03%,176.74,0.75,(0.43%)
438,"Udr, Inc.",UDR,0.03%,43.46,1.04,(2.45%)
439,"Host Hotels & Resorts, Inc.",HST,0.02%,18.20,0.57,(3.23%)
440,"C.H. Robinson Worldwide, Inc.",CHRW,0.02%,104.34,-0.66,(-0.63%)
441,"Stanley Black & Decker, Inc.",SWK,0.02%,82.00,2.57,(3.24%)
442,Juniper Networks Inc,JNPR,0.02%,37.24,0.24,(0.65%)
443,Camden Property Trust,CPT,0.02%,114.91,2.39,(2.12%)
444,Regency Centers Corporation,REG,0.02%,73.80,1.38,(1.91%)
445,"Dayforce, Inc.",DAY,0.02%,74.84,0.84,(1.14%)
446,The J.M. Smucker Company,SJM,0.02%,109.89,0.92,(0.84%)
447,Allegion Public Limited Company,ALLE,0.02%,132.18,1.55,(1.19%)
448,Nordson Corp,NDSN,0.02%,209.73,0.79,(0.38%)
449,Bio-Techne Corp.,TECH,0.02%,73.17,1.78,(2.49%)
450,Norwegian Cruise Line Holdings Ltd.s,NCLH,0.02%,26.91,1.50,(5.90%)
451,Bunge Global Sa,BG,0.02%,79.10,1.18,(1.51%)
452,Fox Corporation Class A,FOXA,0.02%,49.53,0.69,(1.41%)
453,"Assurant, Inc.",AIZ,0.02%,212.27,3.83,(1.84%)
454,"The Interpublic Group of Companies, Inc.",IPG,0.02%,29.07,0.44,(1.54%)
455,Incyte Genomics Inc,INCY,0.02%,68.84,1.78,(2.65%)
456,"Bxp, Inc.",BXP,0.02%,74.64,1.31,(1.79%)
457,Eastman Chemical Company,EMN,0.02%,91.76,1.73,(1.92%)
458,"Universal Health Services, Inc. Class B",UHS,0.02%,180.11,4.31,(2.45%)
459,Albemarle Corporation,ALB,0.02%,88.65,-0.27,(-0.30%)
460,News Corporation Class A,NWSA,0.02%,27.86,0.25,(0.91%)
461,Molson Coors Beverage Company Class B,TAP,0.02%,59.34,0.69,(1.18%)
462,Erie Indemnity Co,ERIE,0.02%,416.48,8.10,(1.98%)
463,"Paycom Software, Inc.",PAYC,0.02%,207.23,0.24,(0.12%)
464,Pinnacle West Capital Corporation,PNW,0.02%,84.96,0.36,(0.43%)
465,Globe Life Inc.,GL,0.02%,109.39,3.48,(3.29%)
466,Lkq Corporation,LKQ,0.02%,36.88,0.88,(2.44%)
467,"Charles River Laboratories International, Inc.",CRL,0.02%,185.77,3.62,(1.99%)
468,Generac Holdings Inc,GNRC,0.02%,156.26,0.14,(0.09%)
469,Solventum Corporation,SOLV,0.02%,66.83,0.03,(0.04%)
470,Hormel Foods Corporation,HRL,0.02%,31.68,0.10,(0.32%)
471,"Lamb Weston Holdings, Inc.",LW,0.02%,62.09,-0.41,(-0.66%)
472,Ralph Lauren Corporation,RL,0.02%,230.28,7.82,(3.52%)
473,"Enphase Energy, Inc.",ENPH,0.02%,71.45,5.65,(8.59%)
474,Aes Corporation,AES,0.02%,13.00,0.56,(4.50%)
475,Henry Schein Inc,HSIC,0.02%,69.82,0.87,(1.26%)
476,Marketaxess Holdings Inc.,MKTX,0.02%,230.15,1.64,(0.72%)
477,Wynn Resorts Ltd,WYNN,0.02%,88.95,0.64,(0.72%)
478,Federal Realty Investment Trust,FRT,0.02%,111.92,2.37,(2.16%)
479,Teleflex Incorporated,TFX,0.02%,178.16,3.37,(1.93%)
480,A.O. Smith Corporation,AOS,0.02%,68.72,0.28,(0.41%)
481,The Campbell's Company,CPB,0.02%,41.50,-0.08,(-0.19%)
482,"Match Group, Inc",MTCH,0.02%,33.76,2.12,(6.70%)
483,Mgm Resorts International,MGM,0.02%,34.16,0.72,(2.15%)
484,The Mosaic Company,MOS,0.02%,24.07,0.19,(0.80%)
485,Brown-Forman Corporation Class B,BF.B,0.02%,41.28,-0.08,(-0.19%)
486,Apa Corporation,APA,0.02%,21.04,0.56,(2.73%)
487,Invesco Ltd,IVZ,0.02%,17.33,0.55,(3.28%)
488,"Hasbro, Inc.",HAS,0.01%,57.58,1.07,(1.89%)
489,"Huntington Ingalls Industries, Inc.",HII,0.01%,190.45,2.84,(1.51%)
490,Celanese Corporation,CE,0.01%,68.25,1.22,(1.82%)
491,Borgwarner Inc.,BWA,0.01%,31.88,0.40,(1.27%)
492,"Caesars Entertainment, Inc.",CZR,0.01%,32.82,-0.25,(-0.76%)
493,Davita Inc.,DVA,0.01%,151.85,4.31,(2.92%)
494,"Walgreens Boots Alliance, Inc",WBA,0.01%,9.55,0.20,(2.14%)
495,"Qorvo, Inc.",QRVO,0.01%,70.85,2.05,(2.98%)
496,Paramount Global Class B,PARA,0.01%,10.66,0.08,(0.76%)
497,"Franklin Resources, Inc.",BEN,0.01%,20.49,0.52,(2.60%)
498,"Mohawk Industries, Inc.",MHK,0.01%,119.16,2.34,(2.00%)
499,Fox Corporation Class B,FOX,0.01%,46.65,0.68,(1.48%)
500,Fmc Corporation,FMC,0.01%,50.15,2.29,(4.78%)
501,News Corporation Class B,NWS,0.01%,30.70,0.24,(0.79%)
502,"Amentum Holdings, Inc.",AMTM,0.00%,19.17,0.24,(1.27%)
